<metadata><idinfo><citation><citeinfo><origin>Office of the Minnesota Secretary of State</origin><pubdate>20210127</pubdate><title> Minnesota General Election Results, 2012-2020</title><geoform>vector digital data</geoform><pubinfo><publish>Office of the Minnesota Secretary of State</publish></pubinfo><onlink>https://gisdata.mn.gov/dataset/bdry_electionresults_2012_2020</onlink></citeinfo></citation><descript><abstract>This file contains election results from Minnesota state general elections that took place following the 2012 redistricting. The results are at the voting precinct level, and include all federal races, all state races (except judicial races), and constitutional amendments. For US President, US Senator, and Minnesota constitutional office races, results are provided for all filed candidates. For other races, results are provided for all major party candidates. Voting precinct boundaries are specific to each election.</abstract><purpose>This dataset combines the geographic database of voting precincts for the State of Minnesota with official results for even year general elections for display and analysis.</purpose><supplinf>State of Minnesota</supplinf></descript><timeperd><timeinfo><sngdate><caldate>20201211</caldate></sngdate></timeinfo><current>Date the most recent election was canvassed by the State Canvassing Board.</current></timeperd><status><progress>Complete</progress><update>As needed</update></status><spdom><bounding><westbc>-97.269689</westbc><eastbc>-89.397194</eastbc><northbc>49.403805</northbc><southbc>43.435423</southbc></bounding></spdom><keywords><theme><themekt>ISO 19115 Topic Categories</themekt><themekey>boundaries, election, general election, election results, US President, US Senator, US Representative, Governor, Attorney General, Secretary of State, State Auditor, State Senator, State Representative, constitutional amendment, district, voting district, precinct, voting precinct, VTD, ward</themekey></theme><place><placekey>Minnesota,MN,USA</placekey></place></keywords><accconst>None</accconst><useconst>Office of the Minnesota Secretary of State maintains this data as accurately as possible, but cannot assure 100% accuracy. For definitive precinct lines, please contact the jurisdiction (city, township, or county for unorganized territory) in question. To check precinct and districts or find the polling place for an address, use the Secretary of State's Polling Place Finder: http://pollfinder.sos.state.mn.us.</useconst><datacred>Office of the Minnesota Secretary of State, Minnesota Geospatial Information Office (MnGeo)</datacred><native>Microsoft Windows 7 Version 6.1 (Build 7601) Service Pack 1; ESRI ArcGIS 10.0.3.3600</native><browse><browsen>https://resources.gisdata.mn.gov/pub/gdrs/data/pub/us_mn_state_sos/boundaries_generalresults_2012_2020/metadata/preview.jpg</browsen><browsed>Total Voting By Precinct_2012</browsed></browse><ptcontac><cntinfo><cntperp><cntorg>Office of the Minnesota Secretary of State - Elections Division</cntorg><cntper>Brad Neuhauser</cntper></cntperp><cntpos>GIS Specialist</cntpos><cntaddr><addrtype>Mailling and Physical</addrtype><address>100 Rev. Dr. Martin Luther King Jr. Blvd, Room 180</address><city>Saint Paul</city><state>MN</state><postal>55155</postal></cntaddr><cntvoice>651-556-0648</cntvoice><cntfax>651-296-9073</cntfax><cntemail>brad.neuhauser@state.mn.us</cntemail></cntinfo></ptcontac></idinfo><spdoinfo><direct>Vector</direct><ptvctinf><sdtsterm><sdtstype>GT-polygon composed of chains</sdtstype><ptvctcnt>4120</ptvctcnt></sdtsterm></ptvctinf></spdoinfo><eainfo><detailed><enttyp><enttypl>general_election_results_by_precinct_2012</enttypl><enttypd>2012 Minnesota General Election Results</enttypd></enttyp><attr><attrlabl>FID</attrlabl><attrdef>Internal feature number.</attrdef><attrdefs>ESRI</attrdefs><attrdomv><udom>Sequential unique whole numbers that are automatically generated.</udom></attrdomv></attr><attr><attrlabl>Shape</attrlabl><attrdef>Feature geometry.</attrdef><attrdefs>ESRI</attrdefs><attrdomv><udom>Coordinates defining the features.</udom></attrdomv></attr><attr><attrlabl>OBJECTID</attrlabl></attr><attr><attrlabl>VTDID</attrlabl><attrdef>Vote Tabulation District Identifier, used by U.S. Census Bureau. Concatenates State FIPS code (27), COUNTYFIPS, and PCTCODE</attrdef></attr><attr><attrlabl>PCTNAME</attrlabl><attrdef>Name given to the precinct</attrdef></attr><attr><attrlabl>PCTCODE</attrlabl><attrdef>Four digit code assigned to precinct (unique within county)</attrdef></attr><attr><attrlabl>SHORTLABEL</attrlabl><attrdef>Abbreviated PCTNAME for labelling purposes. In most cases indicates a jurisdiction with multiple precincts</attrdef></attr><attr><attrlabl>MCDNAME</attrlabl><attrdef>Municipality (city or town) that the precinct is in. For unorganized territories, MCD name may not match the U.S. Census name and/or boundary for an MCD.</attrdef></attr><attr><attrlabl>MCDCODE</attrlabl><attrdef>Internal MCD Code for jurisdiction</attrdef></attr><attr><attrlabl>MCDFIPS</attrlabl><attrdef>Jurisdiction's FIPS code (note: some unorganized area FIPS codes may be manufactured)</attrdef></attr><attr><attrlabl>MCDGNIS</attrlabl><attrdef>Jurisdiction's Geographic Names Information System (GNIS) code</attrdef></attr><attr><attrlabl>CTU_TYPE</attrlabl><attrdef>Jurisdiction's governance</attrdef><attrdomv><edom><edomv>city</edomv></edom></attrdomv><attrdomv><edom><edomv>township</edomv></edom></attrdomv><attrdomv><edom><edomv>unorganized territory</edomv></edom></attrdomv></attr><attr><attrlabl>COUNTYNAME</attrlabl><attrdef>County Name</attrdef></attr><attr><attrlabl>COUNTYCODE</attrlabl><attrdef>County Number</attrdef><attrdomv><rdom><rdommin>1</rdommin><rdommax>87</rdommax></rdom></attrdomv></attr><attr><attrlabl>COUNTYFIPS</attrlabl><attrdef>County's FIPS code (GNIS code)</attrdef><attrdomv><rdom><rdommin>001</rdommin><rdommax>173</rdommax></rdom></attrdomv></attr><attr><attrlabl>CONGDIST</attrlabl><attrdef>U.S. Representative (Congressional) District</attrdef><attrdomv><rdom><rdommin>1</rdommin><rdommax>8</rdommax></rdom></attrdomv></attr><attr><attrlabl>MNSENDIST</attrlabl><attrdef>Minnesota Senate District</attrdef><attrdomv><rdom><rdommin>1</rdommin><rdommax>67</rdommax></rdom></attrdomv></attr><attr><attrlabl>MNLEGDIST</attrlabl><attrdef>Minnesota House District. House districts A &amp; B nest together within the corresponding Senate district</attrdef><attrdomv><rdom><rdommin>1A</rdommin><rdommax>67B</rdommax></rdom></attrdomv></attr><attr><attrlabl>CTYCOMDIST</attrlabl><attrdef>County Commissioner District. Most counties have 5. Anoka, Dakota, Hennepin, Olmsted, Ramsey, and St. Louis have 7.</attrdef><attrdomv><rdom><rdommin>1</rdommin><rdommax>7</rdommax></rdom></attrdomv></attr><attr><attrlabl>JUDDIST</attrlabl><attrdef>Judicial Districts</attrdef><attrdomv><rdom><rdommin>1</rdommin><rdommax>10</rdommax></rdom></attrdomv></attr><attr><attrlabl>SWCDIST</attrlabl><attrdef>Soil &amp; Water Conservation District Code</attrdef></attr><attr><attrlabl>SWCDIST_N</attrlabl><attrdef>Soil &amp; Water Conservation District Name</attrdef></attr><attr><attrlabl>WARD</attrlabl><attrdef>City Ward (if applicable)</attrdef></attr><attr><attrlabl>HOSPDIST</attrlabl><attrdef>Hospital District Code</attrdef></attr><attr><attrlabl>HOSPDIST_N</attrlabl><attrdef>Hospital District Name</attrdef></attr><attr><attrlabl>PARKDIST</attrlabl><attrdef>Park District Number</attrdef></attr><attr><attrlabl>PARKDIST_N</attrlabl><attrdef>Park District Name</attrdef></attr><attr><attrlabl>TABSYSTEM</attrlabl><attrdef>Vote Tabulation System</attrdef></attr><attr><attrlabl>TABMODEL</attrlabl><attrdef>Vote Tabulation Equipment Model</attrdef></attr><attr><attrlabl>MAILBALLOT</attrlabl><attrdef>Mail ballot precincts</attrdef></attr><attr><attrlabl>REG7AM</attrlabl><attrdef>Number of pre-registered voters (as of 7 am election day)</attrdef></attr><attr><attrlabl>SIGNATURES</attrlabl><attrdef>Number of voters in person on election day and mail ballots accepted</attrdef></attr><attr><attrlabl>EDR</attrlabl><attrdef>Number of voters registering when they vote (Election Day Registrations)</attrdef></attr><attr><attrlabl>REGMILOVAB</attrlabl><attrdef>Regular, and Uniformed and Overseas Citizens ballots accepted</attrdef></attr><attr><attrlabl>FEDONLYAB</attrlabl><attrdef>Federal-only absentee ballots accepted. Used by citizens who are permanently or indefinitely overseas.</attrdef></attr><attr><attrlabl>PRESONLYAB</attrlabl><attrdef>President-only absentee ballots accepted. Used by former Minnesota residents who moved shortly before election day.</attrdef></attr><attr><attrlabl>TOTVOTING</attrlabl><attrdef>Total number of voters casting ballots</attrdef></attr><attr><attrlabl>USPRSR</attrlabl><attrdef>US President Republican Party candidate (Romney/Ryan) votes</attrdef></attr><attr><attrlabl>USPRSDFL</attrlabl><attrdef>US President Democratic-Farmer-Labor Party candidate (Obama/Biden) votes</attrdef></attr><attr><attrlabl>USPRSLIB</attrlabl><attrdef>US President Libertarian Party candidate (Johnson/Gray) votes</attrdef></attr><attr><attrlabl>USPRSSWP</attrlabl><attrdef>US President Socialist Workers Party candidate (Harris/DeLuca) votes</attrdef></attr><attr><attrlabl>USPRSCP</attrlabl><attrdef>US President Constitution Party candidate (Goode/Clymer) votes</attrdef></attr><attr><attrlabl>USPRSCG</attrlabl><attrdef>US President Constitutional Government Party candidate (Morstad/Franke-Hyland) votes</attrdef></attr><attr><attrlabl>USPRSGP</attrlabl><attrdef>US President Green Party candidate (Stein/Honkala) votes</attrdef></attr><attr><attrlabl>USPRSGR</attrlabl><attrdef>US President Grassroots Party candidate (Carlson/McMahon) votes</attrdef></attr><attr><attrlabl>USPRSSL</attrlabl><attrdef>US President Socialism and Liberation Party candidate (Lindsay/Osorio) votes</attrdef></attr><attr><attrlabl>USPRSJP</attrlabl><attrdef>US President Justice Party candidate (Anderson/Rodriguez) votes</attrdef></attr><attr><attrlabl>USPRSWI</attrlabl><attrdef>US President Write In candidate votes--includes registered and non-registered write-ins</attrdef></attr><attr><attrlabl>USPRSTOTAL</attrlabl><attrdef>US President total votes</attrdef></attr><attr><attrlabl>USSENIP</attrlabl><attrdef>US Senator Independence Party candidate (Williams) votes</attrdef></attr><attr><attrlabl>USSENR</attrlabl><attrdef>US Senator Republican Party candidate (Bills) votes</attrdef></attr><attr><attrlabl>USSENDFL</attrlabl><attrdef>US Senator Democratic-Farmer-Labor Party candidate (Klobuchar) votes</attrdef></attr><attr><attrlabl>USSENGR</attrlabl><attrdef>US Senator Grassroots Party candidate (Davis) votes</attrdef></attr><attr><attrlabl>USSENMOP</attrlabl><attrdef>US Senator Minnesota Open Progressives Party candidate (Cavlan) votes</attrdef></attr><attr><attrlabl>USSENWI</attrlabl><attrdef>US Senator Write In candidate votes--includes registered and non-registered write-ins</attrdef></attr><attr><attrlabl>USSENTOTAL</attrlabl><attrdef>US Senator total votes</attrdef></attr><attr><attrlabl>USREPIP</attrlabl><attrdef>US Representative Independence Party candidate votes</attrdef></attr><attr><attrlabl>USREPR</attrlabl><attrdef>US Representative Republican Party candidate votes</attrdef></attr><attr><attrlabl>USREPDFL</attrlabl><attrdef>US Representative Democratic-Farmer-Labor Party candidate votes</attrdef></attr><attr><attrlabl>USREPWI</attrlabl><attrdef>US Representative Write In candidate votes--includes registered and non-registered write-ins</attrdef></attr><attr><attrlabl>USREPTOTAL</attrlabl><attrdef>US Representative total votes</attrdef></attr><attr><attrlabl>MNSENIP</attrlabl><attrdef>MN Senator Independence Party candidate votes</attrdef></attr><attr><attrlabl>MNSENR</attrlabl><attrdef>MN Senator Republican Party candidate votes</attrdef></attr><attr><attrlabl>MNSENDFL</attrlabl><attrdef>MN Senator Democratic-Farmer-Labor Party candidate votes</attrdef></attr><attr><attrlabl>MNSENWI</attrlabl><attrdef>MN Senator Write In candidate votes--includes registered and non-registered write-ins</attrdef></attr><attr><attrlabl>MNSENTOTAL</attrlabl><attrdef>MN Senator total votes</attrdef></attr><attr><attrlabl>MNLEGIP</attrlabl><attrdef>MN Representative Independence Party candidate votes</attrdef></attr><attr><attrlabl>MNLEGR</attrlabl><attrdef>MN Representative Republican Party candidate votes</attrdef></attr><attr><attrlabl>MNLEGDFL</attrlabl><attrdef>MN Representative Democratic-Farmer-Labor Party candidate votes</attrdef></attr><attr><attrlabl>MNLEGWI</attrlabl><attrdef>MN Representative Write In candidate votes--includes registered and non-registered write-ins</attrdef></attr><attr><attrlabl>MNLEGTOTAL</attrlabl><attrdef>MN Representative total votes</attrdef></attr><attr><attrlabl>MNCA1YES</attrlabl><attrdef>Constitutional Amendment 1 (Marriage) Yes votes</attrdef></attr><attr><attrlabl>MNCA1NO</attrlabl><attrdef>Constitutional Amendment 1 (Marriage) No votes</attrdef></attr><attr><attrlabl>MNCA1EST</attrlabl><attrdef>Constitutional Amendment 1 (Marriage) Estimated Blanks</attrdef></attr><attr><attrlabl>MNCA1TOTAL</attrlabl><attrdef>Constitutional Amendment 1 (Marriage) Total votes (=TOTVOTING)</attrdef></attr><attr><attrlabl>MNCA2YES</attrlabl><attrdef>Constitutional Amendment 2 (Voter ID) Yes votes</attrdef></attr><attr><attrlabl>MNCA2NO</attrlabl><attrdef>Constitutional Amendment 2 (Voter ID) No votes</attrdef></attr><attr><attrlabl>MNCA2EST</attrlabl><attrdef>Constitutional Amendment 2 (Voter ID) Estimated Blanks</attrdef></attr><attr><attrlabl>MNCA2TOTAL</attrlabl><attrdef>Constitutional Amendment 2 (Voter ID) Total votes (=TOTVOTING)</attrdef></attr></detailed><detailed><enttyp><enttypl>general_election_results_by_precinct_2014</enttypl><enttypd>2014 Minnesota General Election Results</enttypd></enttyp><attr><attrlabl>VTDID</attrlabl><attrdef>Vote Tabulation District Identifier, used by U.S. Census Bureau. Concatenates State FIPS code (27), COUNTYFIPS, and PCTCODE</attrdef></attr><attr><attrlabl>PCTNAME</attrlabl><attrdef>Name given to the precinct</attrdef></attr><attr><attrlabl>PCTCODE</attrlabl><attrdef>Four digit code assigned to precinct (unique within county)</attrdef></attr><attr><attrlabl>SHORTLABEL</attrlabl><attrdef>Abbreviated PCTNAME for labelling purposes. In most cases indicates a jurisdiction with multiple precincts</attrdef></attr><attr><attrlabl>MCDNAME</attrlabl><attrdef>Municipality (city or town) that the precinct is in. For unorganized territories, MCD name may not match the U.S. Census name and/or boundary for an MCD.</attrdef></attr><attr><attrlabl>MCDCODE</attrlabl><attrdef>Internal MCD Code for jurisdiction</attrdef></attr><attr><attrlabl>MCDFIPS</attrlabl><attrdef>Jurisdiction's FIPS code (note: some unorganized area FIPS codes may be manufactured)</attrdef></attr><attr><attrlabl>MCDGNIS</attrlabl><attrdef>Jurisdiction's Geographic Names Information System (GNIS) code</attrdef></attr><attr><attrlabl>CTU_TYPE</attrlabl><attrdef>Jurisdiction's governance</attrdef><attrdomv><edom><edomv>city</edomv></edom></attrdomv><attrdomv><edom><edomv>township</edomv></edom></attrdomv><attrdomv><edom><edomv>unorganized territory</edomv></edom></attrdomv></attr><attr><attrlabl>COUNTYNAME</attrlabl><attrdef>County Name</attrdef></attr><attr><attrlabl>COUNTYCODE</attrlabl><attrdef>County Number</attrdef><attrdomv><rdom><rdommin>1</rdommin><rdommax>87</rdommax></rdom></attrdomv></attr><attr><attrlabl>COUNTYFIPS</attrlabl><attrdef>County's FIPS Code</attrdef><attrdomv><rdom><rdommin>001</rdommin><rdommax>173</rdommax></rdom></attrdomv></attr><attr><attrlabl>CONGDIST</attrlabl><attrdef>US Represenative (Congressional) District</attrdef></attr><attr><attrlabl>MNSENDIST</attrlabl><attrdef>MN Senate District</attrdef><attrdomv><rdom><rdommin>1</rdommin><rdommax>67</rdommax></rdom></attrdomv></attr><attr><attrlabl>MNLEGDIST</attrlabl><attrdef>MN House District. House districts A &amp; B nest together within the corresponding MN Senate district.</attrdef><attrdomv><rdom><rdommin>1A</rdommin><rdommax>67B</rdommax></rdom></attrdomv></attr><attr><attrlabl>CTYCOMDIST</attrlabl><attrdef>County Commissioner District. Most counties have 5. Anoka, Dakota, Hennepin, Olmsted, Ramsey, and St. Louis have 7.</attrdef></attr><attr><attrlabl>JUDDIST</attrlabl><attrdef>Judicial District</attrdef><attrdomv><rdom><rdommin>1</rdommin><rdommax>10</rdommax></rdom></attrdomv></attr><attr><attrlabl>SWCDIST</attrlabl><attrdef>Soil and Water Conservation District Code</attrdef></attr><attr><attrlabl>SWCDIST_N</attrlabl><attrdef>Soil and Water Conservation District Name</attrdef></attr><attr><attrlabl>WARD</attrlabl><attrdef>City Ward (if applicable)</attrdef></attr><attr><attrlabl>HOSPDIST</attrlabl><attrdef>Hospital District Code</attrdef></attr><attr><attrlabl>HOSPDIST_N</attrlabl><attrdef>Hospital District Name</attrdef></attr><attr><attrlabl>PARKDIST</attrlabl><attrdef>Park District Number</attrdef></attr><attr><attrlabl>PARKDIST_N</attrlabl><attrdef>Park District Name</attrdef></attr><attr><attrlabl>TABSYSTEM</attrlabl><attrdef>Vote Tabulation System</attrdef></attr><attr><attrlabl>TABMODEL</attrlabl><attrdef>Vote Tabulation Equipment Model</attrdef></attr><attr><attrlabl>MAILBALLOT</attrlabl><attrdef>Mail ballot precincts</attrdef></attr><attr><attrlabl>REG7AM</attrlabl><attrdef>Number of pre-registered voters (as of 7 am election day)</attrdef></attr><attr><attrlabl>SIGNATURES</attrlabl><attrdef>Number of voters in person on election day (signatures on polling place roster)</attrdef></attr><attr><attrlabl>EDR</attrlabl><attrdef>Number of voters registering when they vote (Election Day Registrations)</attrdef></attr><attr><attrlabl>AB_MB</attrlabl><attrdef>Regular, and Uniformed and Overseas Citizens' absentee ballots accepted plus mail ballots accepted</attrdef></attr><attr><attrlabl>FEDONLYAB</attrlabl><attrdef>Federal-only absentee ballots accepted. Used by citizens who are permanently or indefinitely overseas.</attrdef></attr><attr><attrlabl>TOTVOTING</attrlabl><attrdef>Number of voters casting ballots</attrdef></attr><attr><attrlabl>USSENIP</attrlabl><attrdef>US Senator Independence Party candidate (Carlson) votes</attrdef></attr><attr><attrlabl>USSENR</attrlabl><attrdef>US Senator Republican Party candidate (McFadden) votes</attrdef></attr><attr><attrlabl>USSENDFL</attrlabl><attrdef>US Senator Democratic-Farmer-Labor Party candidate (Franken) votes</attrdef></attr><attr><attrlabl>USSENLIB</attrlabl><attrdef>US Senator Libertarian Party candidate (Johnson) votes</attrdef></attr><attr><attrlabl>USSENWI</attrlabl><attrdef>US Senator Write In candidate votes--includes registered and non-registered write-ins</attrdef></attr><attr><attrlabl>USSENTOTAL</attrlabl><attrdef>US Senator total votes</attrdef></attr><attr><attrlabl>USREPIP</attrlabl><attrdef>US Representative Independence Party candidate votes</attrdef></attr><attr><attrlabl>USREPR</attrlabl><attrdef>US Representative Republican Party candidate votes</attrdef></attr><attr><attrlabl>USREPDFL</attrlabl><attrdef>US Representative Democratic-Farmer-Labor Party candidate votes</attrdef></attr><attr><attrlabl>USREPWI</attrlabl><attrdef>US Representative Write In candidate votes--includes registered and non-registered write-ins</attrdef></attr><attr><attrlabl>USREPTOTAL</attrlabl><attrdef>US Representative total votes</attrdef></attr><attr><attrlabl>MNLEGIP</attrlabl><attrdef>MN Representative Independence Party candidate votes</attrdef></attr><attr><attrlabl>MNLEGR</attrlabl><attrdef>MN Representative Republican Party candidate votes</attrdef></attr><attr><attrlabl>MNLEGDFL</attrlabl><attrdef>MN Representative Democratic-Farmer-Labor Party candidate votes</attrdef></attr><attr><attrlabl>MNLEGWI</attrlabl><attrdef>MN Representative Write In candidate votes--includes registered and non-registered write-ins</attrdef></attr><attr><attrlabl>MNLEGTOTAL</attrlabl><attrdef>MN Representative total votes</attrdef></attr><attr><attrlabl>MNGOVIP</attrlabl><attrdef>MN Governor Independence Party candidate (Nicollet/Gieseke) votes</attrdef></attr><attr><attrlabl>MNGOVR</attrlabl><attrdef>MN Governor Republican Party candidate (Johnson/Kuisle) votes</attrdef></attr><attr><attrlabl>MNGOVDFL</attrlabl><attrdef>MN Governor Democratic-Farmer-Labor Party candidate (Dayton/Smith) votes</attrdef></attr><attr><attrlabl>MNGOVLIB</attrlabl><attrdef>MN Governor Libertarian Party candidate (Holbrook/Dock) votes</attrdef></attr><attr><attrlabl>MNGOVGLC</attrlabl><attrdef>MN Governor Grassroots - Legalize Cannabis Party candidate (Wright/Daniels) votes</attrdef></attr><attr><attrlabl>MNGOVWI</attrlabl><attrdef>MN Governor Write In candidate votes--includes registered and non-registered write-ins</attrdef></attr><attr><attrlabl>MNGOVTOTAL</attrlabl><attrdef>MN Governor total votes</attrdef></attr><attr><attrlabl>MNSOSIP</attrlabl><attrdef>MN Secretary of State Independence Party (Helland) candidate votes</attrdef></attr><attr><attrlabl>MNSOSR</attrlabl><attrdef>MN Secretary of State Republican Party candidate (Severson) votes</attrdef></attr><attr><attrlabl>MNSOSDFL</attrlabl><attrdef>MN Secretary of State Democratic-Farmer-Labor Party candidate (Simon) votes</attrdef></attr><attr><attrlabl>MNSOSLIB</attrlabl><attrdef>MN Secretary of State Libertarian Party candidate (Odden) votes</attrdef></attr><attr><attrlabl>MNSOSWI</attrlabl><attrdef>MN Secretary of State Write In candidate votes--includes registered and non-registered write-ins</attrdef></attr><attr><attrlabl>MNSOSTOTAL</attrlabl><attrdef>MN Secretary of State total votes</attrdef></attr><attr><attrlabl>MNAUDIP</attrlabl><attrdef>MN State Auditor Independence Party candidate (Dean) votes</attrdef></attr><attr><attrlabl>MNAUDR</attrlabl><attrdef>MN State Auditor Republican Party candidate (Gilbert) votes</attrdef></attr><attr><attrlabl>MNAUDDFL</attrlabl><attrdef>MN State Auditor Democratic-Farmer-Labor Party candidate (Otto) votes</attrdef></attr><attr><attrlabl>MNAUDLIB</attrlabl><attrdef>MN State Auditor Libertarian Party candidate (Iversen) votes</attrdef></attr><attr><attrlabl>MNAUDGLC</attrlabl><attrdef>MN State Auditor Grassroots - Legalize Cannabis Party candidate (Schwartzbacker) votes</attrdef></attr><attr><attrlabl>MNAUDWI</attrlabl><attrdef>MN State Auditor Write In candidate votes--includes registered and non-registered write-ins</attrdef></attr><attr><attrlabl>MNAUDTOTAL</attrlabl><attrdef>MN State Auditor total votes</attrdef></attr><attr><attrlabl>MNAGIP</attrlabl><attrdef>MN Attorney General Independence Party candidate (Borgos) votes</attrdef></attr><attr><attrlabl>MNAGR</attrlabl><attrdef>MN Attorney General Republican Party candidate (Newman) votes</attrdef></attr><attr><attrlabl>MNAGDFL</attrlabl><attrdef>MN Attorney General Democratic-Farmer-Labor Party candidate (Swanson) votes</attrdef></attr><attr><attrlabl>MNAGGP</attrlabl><attrdef>MN Attorney General Green Party candidate (Dawkins) votes</attrdef></attr><attr><attrlabl>MNAGLIB</attrlabl><attrdef>MN Attorney General Libertarian Party candidate (O'Connor) votes</attrdef></attr><attr><attrlabl>MNAGLMN</attrlabl><attrdef>MN Attorney General Legal Marijuana Now Party candidate (Vacek) votes</attrdef></attr><attr><attrlabl>MNAGWI</attrlabl><attrdef>MN Attorney General Write In candidate votes--includes registered and non-registered write-ins</attrdef></attr><attr><attrlabl>MNAGTOTAL</attrlabl><attrdef>MN Attorney General total votes</attrdef></attr></detailed><detailed><enttyp><enttypl>general_election_results_by_precinct_2016</enttypl><enttypd>2016 Minnesota General Election Results</enttypd></enttyp><attr><attrlabl>VTDID</attrlabl><attrdef>Vote Tabulation District Identifier, used by U.S. Census Bureau. Concatenates State FIPS code (27), COUNTYFIPS, and PCTCODE</attrdef></attr><attr><attrlabl>PCTNAME</attrlabl><attrdef>Name given to the precinct</attrdef></attr><attr><attrlabl>PCTCODE</attrlabl><attrdef>Four digit code assigned to precinct (unique within county)</attrdef></attr><attr><attrlabl>SHORTLABEL</attrlabl><attrdef>Abbreviated PCTNAME for labelling purposes. In most cases indicates a jurisdiction with multiple precincts</attrdef></attr><attr><attrlabl>MCDNAME</attrlabl><attrdef>Municipality (city or town) that the precinct is in. For unorganized territories, MCD name may not match the U.S. Census name and/or boundary for an MCD.</attrdef></attr><attr><attrlabl>MCDCODE</attrlabl><attrdef>Internal MCD Code for jurisdiction</attrdef></attr><attr><attrlabl>MCDFIPS</attrlabl><attrdef>Jurisdiction's FIPS code (note: some unorganized area FIPS codes may be manufactured)</attrdef></attr><attr><attrlabl>MCDGNIS</attrlabl><attrdef>Jurisdiction's Geographic Names Information System (GNIS) code</attrdef></attr><attr><attrlabl>CTU_TYPE</attrlabl><attrdef>Jurisdiction's governance</attrdef><attrdomv><edom><edomv>city</edomv></edom></attrdomv><attrdomv><edom><edomv>township</edomv></edom></attrdomv><attrdomv><edom><edomv>unorganized territory</edomv></edom></attrdomv></attr><attr><attrlabl>COUNTYNAME</attrlabl><attrdef>County Name</attrdef></attr><attr><attrlabl>COUNTYCODE</attrlabl><attrdef>County Number</attrdef><attrdomv><rdom><rdommin>1</rdommin><rdommax>87</rdommax></rdom></attrdomv></attr><attr><attrlabl>COUNTYFIPS</attrlabl><attrdef>County's FIPS code (GNIS code)</attrdef><attrdomv><rdom><rdommin>001</rdommin><rdommax>173</rdommax></rdom></attrdomv></attr><attr><attrlabl>CONGDIST</attrlabl><attrdef>U.S. Representative (Congressional) District</attrdef><attrdomv><rdom><rdommin>1</rdommin><rdommax>8</rdommax></rdom></attrdomv></attr><attr><attrlabl>MNSENDIST</attrlabl><attrdef>Minnesota Senate District</attrdef><attrdomv><rdom><rdommin>1</rdommin><rdommax>67</rdommax></rdom></attrdomv></attr><attr><attrlabl>MNLEGDIST</attrlabl><attrdef>Minnesota House District. House districts A &amp; B nest together within the corresponding Senate district</attrdef><attrdomv><rdom><rdommin>1A</rdommin><rdommax>67B</rdommax></rdom></attrdomv></attr><attr><attrlabl>CTYCOMDIST</attrlabl><attrdef>County Commissioner District. Most counties have 5. Anoka, Dakota, Hennepin, Olmsted, Ramsey, and St. Louis have 7.</attrdef><attrdomv><rdom><rdommin>1</rdommin><rdommax>7</rdommax></rdom></attrdomv></attr><attr><attrlabl>JUDDIST</attrlabl><attrdef>Judicial District</attrdef><attrdomv><rdom><rdommin>1</rdommin><rdommax>10</rdommax></rdom></attrdomv></attr><attr><attrlabl>SWCDIST</attrlabl><attrdef>Soil &amp; Water Conservation District Code</attrdef></attr><attr><attrlabl>SWCDIST_N</attrlabl><attrdef>Soil &amp; Water Conservation District Name</attrdef></attr><attr><attrlabl>WARD</attrlabl><attrdef>City Ward (if applicable)</attrdef></attr><attr><attrlabl>HOSPDIST</attrlabl><attrdef>Hospital District Code</attrdef></attr><attr><attrlabl>HOSPDIST_N</attrlabl><attrdef>Hospital District Name</attrdef></attr><attr><attrlabl>PARKDIST</attrlabl><attrdef>Park District Number</attrdef></attr><attr><attrlabl>PARKDIST_N</attrlabl><attrdef>Park District Name</attrdef></attr><attr><attrlabl>TABSYSTEM</attrlabl><attrdef>Vote Tabulation System</attrdef></attr><attr><attrlabl>TABMODEL</attrlabl><attrdef>Vote Tabulation Equipment Model</attrdef></attr><attr><attrlabl>MAILBALLOT</attrlabl><attrdef>Mail ballot precincts</attrdef></attr><attr><attrlabl>REG7AM</attrlabl><attrdef>Number of pre-registered voters (as of 7 am election day)</attrdef></attr><attr><attrlabl>SIGNATURES</attrlabl><attrdef>Number of voters in person on election day and mail ballots accepted</attrdef></attr><attr><attrlabl>EDR</attrlabl><attrdef>Number of voters registering when they vote (Election Day Registrations)</attrdef></attr><attr><attrlabl>AB_MB</attrlabl><attrdef>Regular, and Uniformed and Overseas Citizens' absentee ballots accepted plus mail ballots accepted</attrdef></attr><attr><attrlabl>FEDONLYAB</attrlabl><attrdef>Federal-only absentee ballots accepted. Used by citizens who are permanently or indefinitely overseas.</attrdef></attr><attr><attrlabl>PRESONLYAB</attrlabl><attrdef>President-only absentee ballots accepted. Used by former Minnesota residents who moved shortly before election day.</attrdef></attr><attr><attrlabl>TOTVOTING</attrlabl><attrdef>Total number of voters casting ballots</attrdef></attr><attr><attrlabl>USPRSR</attrlabl><attrdef>US President Republican Party candidate (Trump/Pence) votes</attrdef></attr><attr><attrlabl>USPRSDFL</attrlabl><attrdef>US President Democratic-Farmer-Labor Party candidate (Clinton/Kaine) votes</attrdef></attr><attr><attrlabl>USPRSCP</attrlabl><attrdef>US President Constitution Party candidate (Castle/Bradley) votes</attrdef></attr><attr><attrlabl>USPRSLMN</attrlabl><attrdef>US President Legal Marijuana Now Party candidate (Vacek/Elworth) votes</attrdef></attr><attr><attrlabl>USPRSSWP</attrlabl><attrdef>US President Socialist Workers Party candidate (Kennedy/Hart) votes</attrdef></attr><attr><attrlabl>USPRSGP</attrlabl><attrdef>US President Green Party candidate (Stein/Hawkins) votes</attrdef></attr><attr><attrlabl>USPRSADP</attrlabl><attrdef>US President American Delta Party candidate (De La Fuente/Steinberg) votes</attrdef></attr><attr><attrlabl>USPRSIP</attrlabl><attrdef>US President Independence Party candidate (McMullin/Johnson) votes</attrdef></attr><attr><attrlabl>USPRSLIB</attrlabl><attrdef>US President Libertarian Party candidate (Johnson/Weld) votes</attrdef></attr><attr><attrlabl>USPRSWI</attrlabl><attrdef>US President Write In candidate votes--includes registered and non-registered write-ins</attrdef></attr><attr><attrlabl>USPRSTOTAL</attrlabl><attrdef>US President total votes</attrdef></attr><attr><attrlabl>USREPR</attrlabl><attrdef>US Representative Republican Party candidate votes</attrdef></attr><attr><attrlabl>USREPDFL</attrlabl><attrdef>US Representative Democratic-Farmer-Labor Party candidate votes</attrdef></attr><attr><attrlabl>USREPWI</attrlabl><attrdef>US Representative Write In candidate votes--includes registered and non-registered write-ins</attrdef></attr><attr><attrlabl>USREPTOTAL</attrlabl><attrdef>US Representative total votes</attrdef></attr><attr><attrlabl>MNSENR</attrlabl><attrdef>MN Senator Republican Party candidate votes</attrdef></attr><attr><attrlabl>MNSENDFL</attrlabl><attrdef>MN Senator Democratic-Farmer-Labor Party candidate votes</attrdef></attr><attr><attrlabl>MNSENWI</attrlabl><attrdef>MN Senator Write In candidate votes--includes registered and non-registered write-ins</attrdef></attr><attr><attrlabl>MNSENTOTAL</attrlabl><attrdef>MN Senator total votes</attrdef></attr><attr><attrlabl>MNLEGR</attrlabl><attrdef>MN Representative Republican Party candidate votes</attrdef></attr><attr><attrlabl>MNLEGDFL</attrlabl><attrdef>MN Representative Democratic-Farmer-Labor Party candidate votes</attrdef></attr><attr><attrlabl>MNLEGWI</attrlabl><attrdef>MN Representative Write In candidate votes--includes registered and non-registered write-ins</attrdef></attr><attr><attrlabl>MNLEGTOTAL</attrlabl><attrdef>MN Representative total votes</attrdef></attr><attr><attrlabl>MNCA1YES</attrlabl><attrdef>Constitutional Amendment 1 (Lawmaker Pay) Yes votes</attrdef></attr><attr><attrlabl>MNCA1NO</attrlabl><attrdef>Constitutional Amendment 1 (Lawmaker Pay) No votes</attrdef></attr><attr><attrlabl>MNCA1EST</attrlabl><attrdef>Constitutional Amendment 1 (Lawmaker Pay) Estimated Blanks</attrdef></attr><attr><attrlabl>MNCA1TOTAL</attrlabl><attrdef>Constitutional Amendment 1 (Lawmaker Pay) Total votes (=TOTVOTING)</attrdef></attr></detailed><detailed><enttyp><enttypl>general_election_results_by_precinct_2018</enttypl><enttypd>2018 Minnesota General Election Results</enttypd></enttyp><attr><attrlabl>VTDID</attrlabl><attrdef>Vote Tabulation District Identifier, used by U.S. Census Bureau. Concatenates State FIPS code (27), COUNTYFIPS, and PCTCODE</attrdef></attr><attr><attrlabl>PCTNAME</attrlabl><attrdef>Name given to the precinct</attrdef></attr><attr><attrlabl>PCTCODE</attrlabl><attrdef>Four digit code assigned to precinct (unique within county)</attrdef></attr><attr><attrlabl>SHORTLABEL</attrlabl><attrdef>Abbreviated PCTNAME for labelling purposes. In most cases indicates a jurisdiction with multiple precincts</attrdef></attr><attr><attrlabl>MCDNAME</attrlabl><attrdef>Municipality (city or town) that the precinct is in. For unorganized territories, MCD name may not match the U.S. Census name and/or boundary for an MCD.</attrdef></attr><attr><attrlabl>MCDCODE</attrlabl><attrdef>Internal MCD Code for jurisdiction</attrdef></attr><attr><attrlabl>MCDFIPS</attrlabl><attrdef>Jurisdiction's FIPS code (note: some unorganized area FIPS codes may be manufactured)</attrdef></attr><attr><attrlabl>MCDGNIS</attrlabl><attrdef>Jurisdiction's Geographic Names Information System (GNIS) code</attrdef></attr><attr><attrlabl>CTU_TYPE</attrlabl><attrdef>Jurisdiction's governance</attrdef><attrdomv><edom><edomv>city</edomv></edom></attrdomv><attrdomv><edom><edomv>township</edomv></edom></attrdomv><attrdomv><edom><edomv>unorganized territory</edomv></edom></attrdomv></attr><attr><attrlabl>COUNTYNAME</attrlabl><attrdef>County Name</attrdef></attr><attr><attrlabl>COUNTYCODE</attrlabl><attrdef>County Number</attrdef><attrdomv><rdom><rdommin>1</rdommin><rdommax>87</rdommax></rdom></attrdomv></attr><attr><attrlabl>COUNTYFIPS</attrlabl><attrdef>County's FIPS Code</attrdef><attrdomv><rdom><rdommin>001</rdommin><rdommax>173</rdommax></rdom></attrdomv></attr><attr><attrlabl>CONGDIST</attrlabl><attrdef>US Represenative (Congressional) District</attrdef><attrdomv><rdom><rdommin>1</rdommin><rdommax>8</rdommax></rdom></attrdomv></attr><attr><attrlabl>MNSENDIST</attrlabl><attrdef>MN Senate District</attrdef><attrdomv><rdom><rdommin>1</rdommin><rdommax>67</rdommax></rdom></attrdomv></attr><attr><attrlabl>MNLEGDIST</attrlabl><attrdef>MN House District. House districts A &amp; B nest together within the corresponding MN Senate district.</attrdef><attrdomv><rdom><rdommin>1A</rdommin><rdommax>67B</rdommax></rdom></attrdomv></attr><attr><attrlabl>CTYCOMDIST</attrlabl><attrdef>County Commissioner District. Most counties have 5. Anoka, Dakota, Hennepin, Olmsted, Ramsey, and St. Louis have 7.</attrdef></attr><attr><attrlabl>JUDDIST</attrlabl><attrdef>Judicial District</attrdef><attrdomv><rdom><rdommin>1</rdommin><rdommax>10</rdommax></rdom></attrdomv></attr><attr><attrlabl>SWCDIST</attrlabl><attrdef>Soil and Water Conservation District Code</attrdef></attr><attr><attrlabl>SWCDIST_N</attrlabl><attrdef>Soil and Water Conservation District Name</attrdef></attr><attr><attrlabl>WARD</attrlabl><attrdef>City Ward (if applicable)</attrdef></attr><attr><attrlabl>HOSPDIST</attrlabl><attrdef>Hospital District Code</attrdef></attr><attr><attrlabl>HOSPDIST_N</attrlabl><attrdef>Hospital District Name</attrdef></attr><attr><attrlabl>PARKDIST</attrlabl><attrdef>Park District Number</attrdef></attr><attr><attrlabl>PARKDIST_N</attrlabl><attrdef>Park District Name</attrdef></attr><attr><attrlabl>TABSYSTEM</attrlabl><attrdef>Vote Tabulation System</attrdef></attr><attr><attrlabl>TABMODEL</attrlabl><attrdef>Vote Tabulation Equipment Model</attrdef></attr><attr><attrlabl>MAILBALLOT</attrlabl><attrdef>Mail ballot precincts</attrdef></attr><attr><attrlabl>REG7AM</attrlabl><attrdef>Number of pre-registered voters (as of 7 am election day)</attrdef></attr><attr><attrlabl>SIGNATURES</attrlabl><attrdef>Number of voters in person on election day (signatures on polling place roster)</attrdef></attr><attr><attrlabl>EDR</attrlabl><attrdef>Number of voters registering when they vote (Election Day Registrations)</attrdef></attr><attr><attrlabl>AB_MB</attrlabl><attrdef>Regular, and Uniformed and Overseas Citizens' absentee ballots accepted plus mail ballots accepted</attrdef></attr><attr><attrlabl>FEDONLYAB</attrlabl><attrdef>Federal-only absentee ballots accepted. Used by citizens who are permanently or indefinitely overseas.</attrdef></attr><attr><attrlabl>TOTVOTING</attrlabl><attrdef>Number of voters casting ballots</attrdef></attr><attr><attrlabl>USSENR</attrlabl><attrdef>US Senator Republican Party candidate (Newberger) votes</attrdef></attr><attr><attrlabl>USSENDFL</attrlabl><attrdef>US Senator Democratic-Farmer-Labor Party candidate (Klobuchar) votes</attrdef></attr><attr><attrlabl>USSENLMN</attrlabl><attrdef>US Senator Legal Marijuana Now Party candidate (Schuller) votes</attrdef></attr><attr><attrlabl>USSENMGP</attrlabl><attrdef>US Senator Minnesota Green Party candidate (Overby) votes</attrdef></attr><attr><attrlabl>USSENWI</attrlabl><attrdef>US Senator Write In candidate votes--includes registered and non-registered write-ins</attrdef></attr><attr><attrlabl>USSENTOTAL</attrlabl><attrdef>US Senator total votes</attrdef></attr><attr><attrlabl>USSSER</attrlabl><attrdef>US Senator Special Election Republican Party candidate (Housley) votes</attrdef></attr><attr><attrlabl>USSSEDFL</attrlabl><attrdef>US Senator Special Election Democratic-Farmer-Labor Party candidate (Smith) votes</attrdef></attr><attr><attrlabl>USSSELMN</attrlabl><attrdef>US Senator Special Election Legal Marijuana Now Party candidate (Wellington) votes</attrdef></attr><attr><attrlabl>USSSEUA</attrlabl><attrdef>US Senator Special Election Unaffiliated Party candidate (Trooien) votes</attrdef></attr><attr><attrlabl>USSSEWI</attrlabl><attrdef>US Senator Special Election Write In candidate votes--includes registered and non-registered write-ins</attrdef></attr><attr><attrlabl>USSSETOTAL</attrlabl><attrdef>US Senator Special Election total votes</attrdef></attr><attr><attrlabl>USREPR</attrlabl><attrdef>US Representative Republican Party candidate votes</attrdef></attr><attr><attrlabl>USREPDFL</attrlabl><attrdef>US Representative Democratic-Farmer-Labor Party candidate votes</attrdef></attr><attr><attrlabl>USREPWI</attrlabl><attrdef>US Representative Write In candidate votes--includes registered and non-registered write-ins</attrdef></attr><attr><attrlabl>USREPTOTAL</attrlabl><attrdef>US Representative total votes</attrdef></attr><attr><attrlabl>MNSENR</attrlabl><attrdef>MN Senator Republican Party candidate votes</attrdef></attr><attr><attrlabl>MNSENDFL</attrlabl><attrdef>MN Senator Democratic-Farmer-Labor Party candidate votes</attrdef></attr><attr><attrlabl>MNSENWI</attrlabl><attrdef>MN Senator Write In candidate votes--includes registered and non-registered write-ins</attrdef></attr><attr><attrlabl>MNSENTOTAL</attrlabl><attrdef>MN Senator total votes</attrdef></attr><attr><attrlabl>MNLEGR</attrlabl><attrdef>MN Representative Republican Party candidate votes</attrdef></attr><attr><attrlabl>MNLEGDFL</attrlabl><attrdef>MN Representative Democratic-Farmer-Labor Party candidate votes</attrdef></attr><attr><attrlabl>MNLEGWI</attrlabl><attrdef>MN Representative Write In candidate votes--includes registered and non-registered write-ins</attrdef></attr><attr><attrlabl>MNLEGTOTAL</attrlabl><attrdef>MN Representative total votes</attrdef></attr><attr><attrlabl>MNGOVR</attrlabl><attrdef>MN Governor Republican Party candidate (Johnson/Bergstrom) votes</attrdef></attr><attr><attrlabl>MNGOVDFL</attrlabl><attrdef>MN Governor Democratic-Farmer-Labor Party candidate (Walz/Flanagan) votes</attrdef></attr><attr><attrlabl>MNGOVGLC</attrlabl><attrdef>MN Governor Grassroots-Legalize Cannabis Party candidate (Wright/Schwartzbacker) votes</attrdef></attr><attr><attrlabl>MNGOVLIB</attrlabl><attrdef>MN Governor Libertarian Party candidate (Welter/O'Connor) votes</attrdef></attr><attr><attrlabl>MNGOVWI</attrlabl><attrdef>MN Governor Write In candidate votes--includes registered and non-registered write-ins</attrdef></attr><attr><attrlabl>MNGOVTOTAL</attrlabl><attrdef>MN Governor total votes</attrdef></attr><attr><attrlabl>MNSOSR</attrlabl><attrdef>MN Secretary of State Republican Party candidate (Howe) votes</attrdef></attr><attr><attrlabl>MNSOSDFL</attrlabl><attrdef>MN Secretary of State Democratic-Farmer-Labor Party candidate (Simon) votes</attrdef></attr><attr><attrlabl>MNSOSIP</attrlabl><attrdef>MN Secretary of State Independence Party candidate (Denney) votes</attrdef></attr><attr><attrlabl>MNSOSWI</attrlabl><attrdef>MN Secretary of State Write In candidate votes--includes registered and non-registered write-ins</attrdef></attr><attr><attrlabl>MNSOSTOTAL</attrlabl><attrdef>MN Secretary of State total votes</attrdef></attr><attr><attrlabl>MNAUDR</attrlabl><attrdef>MN State Auditor Republican Party candidate (Myhra) votes</attrdef></attr><attr><attrlabl>MNAUDDFL</attrlabl><attrdef>MN State Auditor Democratic-Farmer-Labor Party candidate (Blaha) votes</attrdef></attr><attr><attrlabl>MNAUDLMN</attrlabl><attrdef>MN State Auditor Legal Marijuana Now Party candidate (Ford) votes</attrdef></attr><attr><attrlabl>MNAUDLP</attrlabl><attrdef>MN State Auditor Libertarian Party candidate (Dock) votes</attrdef></attr><attr><attrlabl>MNAUDWI</attrlabl><attrdef>MN State Auditor Write In candidate votes--includes registered and non-registered write-ins</attrdef></attr><attr><attrlabl>MNAUDTOTAL</attrlabl><attrdef>MN State Auditor total votes</attrdef></attr><attr><attrlabl>MNAGR</attrlabl><attrdef>MN Attorney General Republican Party candidate (Wardlow) votes</attrdef></attr><attr><attrlabl>MNAGDFL</attrlabl><attrdef>MN Attorney General Democratic-Farmer-Labor Party candidate (Ellison) votes</attrdef></attr><attr><attrlabl>MNAGGLC</attrlabl><attrdef>MN Attorney General Grassroots-Legalize Cannabis Party candidate (Johnson) votes</attrdef></attr><attr><attrlabl>MNAGWI</attrlabl><attrdef>MN Attorney General Write In candidate votes--includes registered and non-registered write-ins</attrdef></attr><attr><attrlabl>MNAGTOTAL</attrlabl><attrdef>MN Attorney General total votes</attrdef></attr></detailed><detailed><enttyp><enttypl>general_election_results_by_precinct_2020</enttypl><enttypd>2020 Minnesota General Election Results</enttypd></enttyp><attr><attrlabl>VTDID</attrlabl><attrdef>Vote Tabulation District Identifier, used by U.S. Census Bureau. Concatenates State FIPS code (27), COUNTYFIPS, and PCTCODE</attrdef></attr><attr><attrlabl>PCTNAME</attrlabl><attrdef>Name given to the precinct</attrdef></attr><attr><attrlabl>PCTCODE</attrlabl><attrdef>Four digit code assigned to precinct (unique within county)</attrdef></attr><attr><attrlabl>SHORTLABEL</attrlabl><attrdef>Abbreviated PCTNAME for labelling purposes. In most cases indicates a jurisdiction with multiple precincts</attrdef></attr><attr><attrlabl>MCDNAME</attrlabl><attrdef>Municipality (city or town) that the precinct is in. For unorganized territories, MCD name may not match the U.S. Census name and/or boundary for an MCD.</attrdef></attr><attr><attrlabl>MCDCODE</attrlabl><attrdef>Internal MCD Code for jurisdiction</attrdef></attr><attr><attrlabl>MCDFIPS</attrlabl><attrdef>Jurisdiction's FIPS code (note: some unorganized area FIPS codes may be manufactured)</attrdef></attr><attr><attrlabl>MCDGNIS</attrlabl><attrdef>Jurisdiction's Geographic Names Information System (GNIS) code</attrdef></attr><attr><attrlabl>CTU_TYPE</attrlabl><attrdef>Jurisdiction's governance</attrdef><attrdomv><edom><edomv>city</edomv></edom></attrdomv><attrdomv><edom><edomv>township</edomv></edom></attrdomv><attrdomv><edom><edomv>unorganized territory</edomv></edom></attrdomv></attr><attr><attrlabl>COUNTYNAME</attrlabl><attrdef>County Name</attrdef></attr><attr><attrlabl>COUNTYCODE</attrlabl><attrdef>County Number</attrdef><attrdomv><rdom><rdommin>1</rdommin><rdommax>87</rdommax></rdom></attrdomv></attr><attr><attrlabl>COUNTYFIPS</attrlabl><attrdef>County's FIPS code (GNIS code)</attrdef><attrdomv><rdom><rdommin>001</rdommin><rdommax>173</rdommax></rdom></attrdomv></attr><attr><attrlabl>CONGDIST</attrlabl><attrdef>U.S. Representative (Congressional) District</attrdef><attrdomv><rdom><rdommin>1</rdommin><rdommax>8</rdommax></rdom></attrdomv></attr><attr><attrlabl>MNSENDIST</attrlabl><attrdef>Minnesota Senate District</attrdef><attrdomv><rdom><rdommin>1</rdommin><rdommax>67</rdommax></rdom></attrdomv></attr><attr><attrlabl>MNLEGDIST</attrlabl><attrdef>Minnesota House District. House districts A &amp; B nest together within the corresponding Senate district</attrdef><attrdomv><rdom><rdommin>1A</rdommin><rdommax>67B</rdommax></rdom></attrdomv></attr><attr><attrlabl>CTYCOMDIST</attrlabl><attrdef>County Commissioner District. Most counties have 5. Anoka, Dakota, Hennepin, Olmsted, Ramsey, and St. Louis have 7.</attrdef><attrdomv><rdom><rdommin>1</rdommin><rdommax>7</rdommax></rdom></attrdomv></attr><attr><attrlabl>JUDDIST</attrlabl><attrdef>Judicial District</attrdef><attrdomv><rdom><rdommin>1</rdommin><rdommax>10</rdommax></rdom></attrdomv></attr><attr><attrlabl>SWCDIST</attrlabl><attrdef>Soil &amp; Water Conservation District Code</attrdef></attr><attr><attrlabl>SWCDIST_N</attrlabl><attrdef>Soil &amp; Water Conservation District Name</attrdef></attr><attr><attrlabl>WARD</attrlabl><attrdef>City Ward (if applicable)</attrdef></attr><attr><attrlabl>HOSPDIST</attrlabl><attrdef>Hospital District Code</attrdef></attr><attr><attrlabl>HOSPDIST_N</attrlabl><attrdef>Hospital District Name</attrdef></attr><attr><attrlabl>PARKDIST</attrlabl><attrdef>Park District Number</attrdef></attr><attr><attrlabl>PARKDIST_N</attrlabl><attrdef>Park District Name</attrdef></attr><attr><attrlabl>TABMODEL</attrlabl><attrdef>Vote Tabulation Equipment Model</attrdef></attr><attr><attrlabl>MAILBALLOT</attrlabl><attrdef>Mail ballot precincts</attrdef></attr><attr><attrlabl>REG7AM</attrlabl><attrdef>Number of pre-registered voters (as of 7 am election day)</attrdef></attr><attr><attrlabl>SIGNATURES</attrlabl><attrdef>Number of voters in person on election day and mail ballots accepted</attrdef></attr><attr><attrlabl>EDR</attrlabl><attrdef>Number of voters registering when they vote (Election Day Registrations)</attrdef></attr><attr><attrlabl>AB_MB</attrlabl><attrdef>Regular, and Uniformed and Overseas Citizens' absentee ballots accepted plus mail ballots accepted</attrdef></attr><attr><attrlabl>FEDONLYAB</attrlabl><attrdef>Federal-only absentee ballots accepted. Used by citizens who are permanently or indefinitely overseas.</attrdef></attr><attr><attrlabl>PRESONLYAB</attrlabl><attrdef>President-only absentee ballots accepted. Used by former Minnesota residents who moved shortly before election day.</attrdef></attr><attr><attrlabl>TOTVOTING</attrlabl><attrdef>Total number of voters casting ballots</attrdef></attr><attr><attrlabl>USPRSR</attrlabl><attrdef>US President Republican Party candidate (Trump/Pence) votes</attrdef></attr><attr><attrlabl>USPRSDFL</attrlabl><attrdef>US President Democratic-Farmer-Labor Party candidate (Biden/Harris) votes</attrdef></attr><attr><attrlabl>USPRSIA</attrlabl><attrdef>US President Independence-Alliance candidate (De La Fuente/Richardson) votes</attrdef></attr><attr><attrlabl>USPRSGP</attrlabl><attrdef>US President Green Party candidate (Hawkins/Walker) votes</attrdef></attr><attr><attrlabl>USPRSINDKW</attrlabl><attrdef>US President Independent candidate (West/Tidball) votes</attrdef></attr><attr><attrlabl>USPRSINDBP</attrlabl><attrdef>US President Independent  candidate (Pierce/Ballard) votes</attrdef></attr><attr><attrlabl>USPRSSLP</attrlabl><attrdef>US President Socialism and Liberation candidate (La Riva/Peltier) votes</attrdef></attr><attr><attrlabl>USPRSWP</attrlabl><attrdef>US President Socialist Workers Party candidate (Kennedy/Jarrett) votes</attrdef></attr><attr><attrlabl>USPRSLIB</attrlabl><attrdef>US President Libertarian Party candidate (Jorgensen/Cohen) votes</attrdef></attr><attr><attrlabl>USPRSWI</attrlabl><attrdef>US President Write In candidate votes--includes registered and non-registered write-ins</attrdef></attr><attr><attrlabl>USPRSTOTAL</attrlabl><attrdef>US President total votes</attrdef></attr><attr><attrlabl>USSENLMN</attrlabl><attrdef>US Senator Legal Marijuana Now Party candidate (O'Connor) votes</attrdef></attr><attr><attrlabl>USSENGLC</attrlabl><attrdef>US Senator Grassroots - Legalize Cannabis Party candidate (Steinberg) votes</attrdef></attr><attr><attrlabl>USSENR</attrlabl><attrdef>US Senator Republican Party candidate (Lewis) votes</attrdef></attr><attr><attrlabl>USSENDFL</attrlabl><attrdef>US Senator Democratic-Farmer-Labor Party candidate (Smith) votes</attrdef></attr><attr><attrlabl>USSENWI</attrlabl><attrdef>US Senator Write In candidate votes--includes registered and non-registered write-ins</attrdef></attr><attr><attrlabl>USSENTOTAL</attrlabl><attrdef>US Senator total votes</attrdef></attr><attr><attrlabl>USREPLMN</attrlabl><attrdef>US Representative Legal Marijuana Now Party candidate votes</attrdef></attr><attr><attrlabl>USREPGLC</attrlabl><attrdef>US Representative Grassroots - Legalize Cannabis Party candidate votes</attrdef></attr><attr><attrlabl>USREPR</attrlabl><attrdef>US Representative Republican Party candidate votes</attrdef></attr><attr><attrlabl>USREPDFL</attrlabl><attrdef>US Representative Democratic-Farmer-Labor Party candidate votes</attrdef></attr><attr><attrlabl>USREPWI</attrlabl><attrdef>US Representative Write In candidate votes--includes registered and non-registered write-ins</attrdef></attr><attr><attrlabl>USREPTOTAL</attrlabl><attrdef>US Representative total votes</attrdef></attr><attr><attrlabl>MNSENLMN</attrlabl><attrdef>MN Senator Legal Marijuana Now Party candidate votes</attrdef></attr><attr><attrlabl>MNSENGLC</attrlabl><attrdef>MN Senator Grassroots - Legalize Cannabis Party candidate votes</attrdef></attr><attr><attrlabl>MNSENR</attrlabl><attrdef>MN Senator Republican Party candidate votes</attrdef></attr><attr><attrlabl>MNSENDFL</attrlabl><attrdef>MN Senator Democratic-Farmer-Labor Party candidate votes</attrdef></attr><attr><attrlabl>MNSENWI</attrlabl><attrdef>MN Senator Write In candidate votes--includes registered and non-registered write-ins</attrdef></attr><attr><attrlabl>MNSENTOTAL</attrlabl><attrdef>MN Senator total votes</attrdef></attr><attr><attrlabl>MNLEGLMN</attrlabl><attrdef>MN Representative Legal Marijuana Now Party candidate votes</attrdef></attr><attr><attrlabl>MNLEGGLC</attrlabl><attrdef>MN Representative Grassroots - Legalize Cannabis Party candidate votes</attrdef></attr><attr><attrlabl>MNLEGR</attrlabl><attrdef>MN Representative Republican Party candidate votes</attrdef></attr><attr><attrlabl>MNLEGDFL</attrlabl><attrdef>MN Representative Democratic-Farmer-Labor Party candidate votes</attrdef></attr><attr><attrlabl>MNLEGWI</attrlabl><attrdef>MN Representative Write In candidate votes--includes registered and non-registered write-ins</attrdef></attr><attr><attrlabl>MNLEGTOTAL</attrlabl><attrdef>MN Representative total votes</attrdef></attr></detailed></eainfo><metainfo><metd>20210127</metd><metstdn>Minnesota Geographic Metadata Guidelines</metstdn><metstdv>1.2</metstdv><mettc>local time</mettc><metextns><onlink>http://www.mngeo.state.mn.us/committee/standards/mgmg/metadata.htm</onlink></metextns><metc><cntinfo><cntperp><cntorg>Office of the Minnesota Secretary of State - Elections Division</cntorg><cntper>Brad Neuhauser</cntper></cntperp><cntpos>GIS Specialist</cntpos><cntaddr><addrtype>mailing and physical</addrtype><address>100 Rev. Dr. Martin Luther King Jr. Blvd, Room 180</address><city>St. Paul</city><state>MN</state><postal>55155</postal></cntaddr><cntvoice>(651) 556-0648</cntvoice><cntfax>(651) 296-9073</cntfax><cntemail>brad.neuhauser@state.mn.us</cntemail></cntinfo></metc></metainfo><dataqual><complete>Includes results of all federal races, state-level non-judicial races, and constitutional amendments, by voting precinct. For US President and Governor races, includes all filed candidates. For other constitutional officers, includes all major and minor party candidates. To find results for races not included in this data, go to http://www.sos.state.mn.us/elections-voting/election-results/</complete><posacc><horizpa><horizpar>The positional accuracy of the precinct boundaries is generally the same as the sources the precinct datasets were derived from--see https://gisdata.mn.gov/dataset/society-redistricting-2010 and https://gisdata.mn.gov/dataset/bdry-mn-city-township-unorg</horizpar></horizpa><vertacc><vertaccr>Not applicable</vertaccr></vertacc></posacc><lineage><procstep><procdesc>2012 boundaries derived from precinct data from Hennepin and Dakota Counties and U.S. Census blocks from 2010 redistricting data. May not include annexations and detachments after January 1, 2010. 

2014, 2016, 2018, and 2020 boundaries originally derived from Minnesota's City, Township, and Unorganized Territory (CTU) Boundaries dataset (2013) and U.S. Census redistricting data. Boundaries incorporate election district boundary corrections made under MS 2.91, subd. 2 and MS 204B.146, subd. 3, and municipal boundary adjustments that were effective prior to each election, as well as improvements in boundary accuracy found in official sources. 

Precinct and district attributes from Statewide Voter Registration System (SVRS). Election results certified by State Canvassing Boards. Election statistics certified by County Canvassing Boards.</procdesc></procstep></lineage><logic>Topology checks run to try to eliminate gaps and overlaps betweeen polygons.</logic><attracc><attraccr> Precinct and district attributes from Statewide Voter Registration System (SVRS). Election results certified by State Canvassing Boards. Election statistics certified by County Canvassing Boards.</attraccr></attracc></dataqual><distinfo><distliab>The Geographic Information System (GIS) Data to which this notice is attached are made available pursuant to the Minnesota Government Data Practices Act (Minnesota Statutes Chapter 13). THE GIS DATA ARE PROVIDED TO YOU AS IS AND WITHOUT ANY WARRANTY AS TO THEIR PERFORMANCE, MERCHANTABILITY, OR FITNESS FOR ANY PARTICULAR PURPOSE. The GIS Data were developed by the Office of the Minnesota Secretary of State for its own internal business purposes. This office does not represent or warrant that the GIS Data or the data documentation are error-free, complete, current, or accurate. You are responsible for any consequences resulting from your use of the GIS Data or your reliance on the GIS Data. You should consult the data documentation for this particular GIS Data to determine the limitations of the GIS Data and the precision with which the GIS Data may depict distance, direction, location, or other geographic features. If you transmit or provide the GIS Data (or any portion of it) to another user, the GIS Data must include a copy of this disclaimer. </distliab><stdorder><ordering>This data set is distributed via the Minnesota Geospatial Commons and is accessible via the online linkage below.</ordering></stdorder><resdesc> Minnesota General Election Results, 2012-2020</resdesc><distrib><cntinfo><cntperp><cntorg>Office of the Minnesota Secretary of State - Elections Division</cntorg><cntper>Brad Neuhauser</cntper></cntperp><cntpos>GIS Specialist</cntpos><cntaddr><addrtype>mailing and physical</addrtype><address>100 Rev. Dr. Martin Luther King Jr. Blvd, Room 180</address><city>Saint Paul</city><state>MN</state><postal>55155</postal></cntaddr><cntvoice>651-556-0648</cntvoice><cntfax>651-296-9073</cntfax><cntemail>brad.neuhauser@state.mn.us</cntemail></cntinfo></distrib></distinfo><spref><vertdef><altsys><altdatum>not applicable</altdatum></altsys><depthsys><depthdn>not applicable</depthdn></depthsys></vertdef><horizsys><planar><gridsys><gridsysn>Universal Transverse Mercator</gridsysn><utm><utmzone>15</utmzone></utm></gridsys><planci><plandu>meters</plandu></planci></planar><geodetic><horizdn>NAD83</horizdn><ellips>GRS80</ellips></geodetic></horizsys></spref></metadata>